INSERT INTO monitors (monitor_id,brand,serial_number,model)
VALUES (1,'dell',123,'doble'),
(2,'dell',124,'doble'),
(3,'dell',135,'doble'),
(4,'dell',125,'doble'),
(5,'dell',126,'doble'),
(6,'dell',127,'doble'),
(7,'dell',128,'doble'),
(8,'dell',18,'doble'),
(9,'dell',183,'doble'),
(10,'dell',323,'doble'),
(11,'asus',153,'doble'),
(12,'dell',129,'doble'),
(13,'dell',143,'curvo'),
(14,'hp',148,'doble'),
(15,'qtail',273,'doble'),
(16,'lg',298,'doble'),
(17,'dell',395,'doble'),
(18,'benq',200,'doble');


INSERT INTO keyboards (keyboard_id,brand,serial_number,model)
VALUES (1,'dell',123,'doble'),
(2,'asus',124,'doble'),
(3,'dell',135,'doble'),
(4,'hp',125,'doble'),
(5,'dell',126,'custom'),
(6,'samsung',127,'doble'),
(7,'lg',128,'doble'),
(8,'dell',18,'doble'),
(9,'dell',183,'doble'),
(10,'dell',323,'doble'),
(11,'dell',153,'separable'),
(12,'dell',129,'doble'),
(13,'dell',143,'kt'),
(14,'dell',148,'doble'),
(15,'dell',273,'doble'),
(16,'dell',298,'doble'),
(17,'lg',395,'doble'),
(18,'dell',200,'doble');

INSERT INTO mice (mouse_id,brand,serial_number,model)
VALUES (1,'dell',123,'doble'),
(2,'asus',124,'doble'),
(3,'dell',135,'doble'),
(4,'hp',125,'doble'),
(5,'dell',126,'custom'),
(6,'samsung',127,'doble'),
(7,'lg',128,'doble'),
(8,'dell',18,'doble'),
(9,'dell',183,'doble'),
(10,'dell',323,'doble'),
(11,'dell',153,'separable'),
(12,'dell',129,'doble'),
(13,'dell',143,'kt'),
(14,'dell',148,'doble'),
(15,'dell',273,'doble'),
(16,'dell',298,'doble'),
(17,'lg',395,'doble'),
(18,'dell',200,'doble');

INSERT INTO services (service_id,description)
VALUES (1,'reparacion'),
(2,'reparaciones'),
(3,'reparacion total'),
(4,'reparacion de teclado'),
(5,'reparacion de monitor'),
(6,'reparacion parcial'),
(7,'remplazo'),
(8,'upgrade'),
(9,'rembolso'),
(10,'cambios'),
(11,'devolucion'),
(12,'agregar'),
(13,'compilacion'),
(14,'reparo'),
(15,'reinicio'),
(16,'mouse'),
(17,'teclado'),
(18,'reparacion mouse'),
(19,'reparacion teclado'),
(20,'remplazo teclado'),
(21,'remplazo monitores'),
(22,'rmplazo total'),
(23,'reparacion');

INSERT INTO computers (computer_id,keyboard_id,mouse_id,monitor_id,brand,serial_number)
VALUES (1,1,1,1,'intel',110),
(2,4,1,12,'dell',111),
(3,11,2,2,'asus',112),
(4,13,3,3,'samsung',113),
(5,12,4,4,'lg',114),
(6,11,5,5,'varios',115),
(7,5,6,6,'intel',116),
(8,6,7,7,'arduino',117),
(9,6,8,8,'intel',118),
(10,8,9,9,'dell',119),
(11,14,10,1,'raspberry',121),
(12,2,11,2,'pic',131),
(13,3,12,3,'msp',141),
(14,7,13,4,'national instruments',151),
(15,8,18,3,'dell',161),
(16,9,18,2,'intel',171),
(17,12,18,5,'beaglebone',181),
(18,2,17,1,'texas instruments',191),
(19,7,17,3,'dell',211),
(20,8,17,8,'intel',311),
(21,9,17,9,'intel',411);

INSERT INTO orders (order_id,service_id,computer_id)
VALUES(1,1,1),
(2,2,1),
(3,1,2),
(4,3,1),
(5,1,3),
(6,4,1),
(7,1,4),
(8,5,1),
(9,1,5),
(10,6,1),
(11,1,6),
(12,7,1),
(13,1,7),
(14,8,1);